big bird,1,sesame street,fakeville,12345
Julie Galvan,2,251 Timothy Square Apt. 101,Lake Jennifer,03222
Laura Meyer,3,23784 Miles Harbor,New Holly,00922
Logan Hernandez,4,2452 Nicholson Mount,West Gerald,39549
Kevin Welch,5,552 David Branch,Port Mary,31895
Diane Keith,6,096 Jesus Way Suite 990,Moorefort,17884
Adam Wilson,7,395 Harrington Squares Apt. 856,Joelshire,66796
Julie Gates,8,37017 Carolyn Road,Lake Bonnie,11851
Zachary Rogers,9,15145 Henson Valleys,New Jonathanborough,19412
Paul Hart,10,928 Ruiz Glens,West Anna,04611
Brandy Swanson,11,7494 Susan Crossroad Suite 691,Lake Abigail,08296
Robert Long,12,3911 Nicole Harbors,West Annmouth,31755
Yvonne Hill,13,1523 Richard Lakes,South Stephanie,33322
Sean Harvey,14,96735 Christine Harbor Apt. 960,North Kevinfort,83768
Sarah Robinson,15,2841 Robert Mountains Suite 937,West Andrebury,44254
Troy Schmidt,16,21578 West Coves,Petersonmouth,59914
John Malone,17,0210 Brandt Spring Apt. 219,South Aprilton,20110
Teresa Villanueva,18,3495 Edwards Route,Markside,88655
Scott Leonard,19,90383 Kim Cove Apt. 789,New Tonyaburgh,99229
Michelle Jenkins,20,5066 Johnson Walks Suite 238,Mirandamouth,30368
Scott Banks,21,39942 Marco Gardens,Lake Mark,69647
Danny Fuller,22,11373 Douglas Square Suite 014,South Robin,67979
Heather King,23,0541 Cunningham Meadow,Johnsonmouth,17720
Rachel Smith,24,11948 Oliver Port,Murrayhaven,18177
Jennifer Mendez,25,56143 Stevens Rapid,Travisland,97437
Chad Williams,26,584 Edward Ridges Apt. 188,North Caleb,33738
Jeff Warren,27,205 Coleman Lodge,Susantown,53783
Daisy Patel,28,936 Gilbert Mountains Suite 306,Terrenceberg,05248
Michael Walters,29,3473 Mark Corner,West Daryl,23155
Jose Elliott,30,98137 Katelyn Dam,Austinfurt,99742
Adam Morrison,31,3679 Ross Ferry Suite 600,Lake Paul,37435
Brandon Riley,32,87274 Joseph Route Apt. 743,Lake Renee,88452
Derek Harris,33,68493 Tyler Cliff Suite 719,Autumnfurt,14661
David Reynolds,34,7098 Chapman Dale,Porterchester,02008
Kathryn Benson,35,2902 Clark Mall,East Katherineberg,22997
Carlos Boyd,36,5560 Andrew Fords,South Ericmouth,45361
Wayne Moody,37,1294 Mccoy Ridges,East Dawn,46210
Phillip Blanchard,38,9418 Denise Plaza Suite 700,South Maryberg,74281
Alyssa Giles,39,44658 Joseph Stravenue Apt. 319,Hartmanbury,13140
Mark Marshall,40,696 Alan Ramp Apt. 138,North Jason,32843
Laurie Miller,41,73121 Joseph Meadow Apt. 100,Wilsonport,28063
John English,42,87725 Tran Drive Suite 464,Andrewchester,83230
Mark Preston,43,259 Robert Forges Apt. 337,North Michaelfurt,53989
Jessica Fisher,44,75969 Jacob Points,Lambertland,18749
Carol Morales,45,7873 Lopez Bridge,Howardborough,03475
Frank Johnson,46,66284 Michael Spurs,Chungland,50405
Daniel Vincent,47,18633 Carlos Tunnel Suite 381,Lake Luis,36277
Sara Peterson,48,45378 Carl Pass Suite 088,South Richardside,56526
Christy Sharp,49,29713 Gerald Parkways Suite 466,Olsonville,31149
Christopher Myers,50,79877 Felicia Forest Apt. 050,South James,09877
Louis Thompson,51,4832 Brittany Via Suite 826,Port Maryburgh,87038
Jonathon Martinez,52,7863 Melissa Mission Suite 195,Mooreton,65443
Michael Gonzalez,53,888 Parker Point Suite 517,Brewerchester,67203
Mrs. Brittany Nguyen,54,20539 Sophia Divide,East Maryland,50389
Ricky Lewis,55,39733 Burnett Hills Apt. 098,Wagnerchester,09901
Roger Smith,56,585 Andre Crossroad Apt. 431,New Josephberg,80889
Andrew Roberts,57,9225 Daniel Dale Suite 294,Josephfurt,45841
Tina Bradshaw,58,4386 Kennedy Via Suite 407,West Nicholas,72070
Jason Dunlap,59,6124 Adams Land,Kylemouth,70087
Barry Cortez,60,0089 Jessica Station,New Michael,08887
Kristen Montgomery,61,883 Scott Oval Apt. 678,Johnsonborough,05987
Victoria Floyd,62,1968 Brooks Viaduct,Bernardshire,23452
Cassandra White,63,103 Crystal Stravenue Apt. 364,North Kellyshire,27664
Alejandro Sutton,64,785 Lauren Lodge Suite 320,Greenstad,34246
Donald Bryan,65,647 David Hills Suite 922,North John,81515
Kim Moreno,66,1136 Boyd Key Suite 628,Annafort,90504
David Oliver,67,970 Jones Fort Suite 596,Kimberlyport,14846
John Snyder,68,4297 Karen Locks Suite 737,Ashleyburgh,67111
Jennifer Meyer,69,91846 Michael Summit,New Kelsey,54526
Laura Martinez,70,70047 Burnett Prairie Suite 571,East Matthewton,54015
Amy Murphy,71,85673 Arnold Shore,West Suzanne,17366
Nicholas Sullivan,72,09097 Jackson Meadows Suite 796,Campbellfort,69671
Mrs. Mary Johnson,73,841 Hanson Neck Apt. 439,Johnsonmouth,59022
Patricia Smith,74,1637 Thomas Plains Apt. 335,Taylorstad,21114
Michael Clark,75,7205 Kelly Drive Apt. 263,Fergusonview,66711
Jerry Miller,76,98257 Gina Union Apt. 854,Francesfurt,17893
Alexandra Carpenter,77,6691 Miller Locks Suite 844,Thompsonville,70794
David Gonzalez,78,536 Mark Overpass Suite 571,Nicolefort,86827
Diane Duran,79,472 Mullins Ridge,North Stephanieton,97068
Christopher Wagner,80,85670 Dwayne Passage,West Josephmouth,21026
Brian Edwards,81,0026 Miranda Station,South Anne,05065
Chelsea Schmidt,82,797 William Greens Apt. 559,Lake Teresa,50456
Frank Clark,83,901 Adrian Passage Suite 764,West Rodney,02799
Deborah Williams,84,101 Rhonda Harbors,Jonathanville,92577
Scott Medina,85,02587 King Creek,Marquezfurt,10616
Chris Bennett,86,38730 Dixon Common Apt. 281,Michaelton,51360
Deanna Bender,87,818 Sara Fork,Webbview,04768
Christopher Thompson,88,7189 Sarah Extensions,Banksstad,51867
Angela Campbell,89,53773 Jack Cliff Apt. 869,Nicolasport,90060
Erica Rivera,90,99222 Joseph Spurs Apt. 547,Katrinashire,62408
Samantha Thompson,91,4526 Lynch Crossroad,Whitestad,90336
Neil Jones,92,6333 Jasmine View,Rodrigueztown,36905
Michele Washington,93,79707 Benjamin Parkways Apt. 266,Brandonfort,98607
David Brooks,94,70514 Durham Brook,South Stevenbury,71110
Elizabeth Ferguson,95,533 Brian Unions,East Joanne,77192
Mary Buck,96,16052 Donovan Hills,Johnsonfurt,22898
Jill Torres,97,6461 Colleen Ferry Apt. 951,East Caroline,20746
Taylor Graham,98,32242 Amy Points Apt. 114,Nancyport,46323
Rachel Andrews,99,33893 Joseph Shores,North Stephanietown,40392
George Smith,100,3685 Finley Valleys,Lamtown,19707
Robert Moore,101,9673 Marissa Valley Suite 058,Bryanville,50417
Ryan Gutierrez,102,3851 Joyce Centers,North Oscarmouth,19044
Alexis Price,103,086 Kane Well,Angelville,84751
Ashley Berg,104,875 Bryan Meadow Apt. 501,North Sarahfort,67911
Carol Johnson MD,105,9114 Michael Club,Lake Brian,04985
Paul Neal,106,46577 Dawn Valley,East Kimberlyfurt,80236
Darlene Jarvis,107,84466 Snow Pines Suite 794,Crosschester,73043
Cory Ewing,108,29222 Jeanette Oval,Victorfurt,54066
Krystal Tapia,109,6976 Heather Terrace Suite 812,Roseland,79355
Deanna Anderson,110,10247 Kyle Knoll,Port Leahbury,91638
Jessica Parsons,111,0182 Ward Island Suite 314,Clarkton,75812
Christopher Perez,112,56446 Klein Burg Suite 369,Jasontown,46113
Derek Duke,113,00265 Matthew Haven,Paulaton,01050
Mr. Frank Wiggins PhD,114,8529 Tina Drive,Combsshire,36615
Carolyn Barber,115,36156 Robert Hollow Apt. 890,Port James,79781
Corey Green,116,9952 Hayley Crescent,South Alexandraland,94415
Sabrina Ross,117,18213 Madeline Expressway Suite 398,South Michaelstad,37447
Kimberly Lee,118,837 Williams Squares,South Christopher,28255
Ricky Howell,119,272 Hall Expressway,New Donnashire,38386
Steven Waller,120,84684 Gray Alley,Walkerport,91726
Robert Cobb,121,036 Patton Course Suite 402,Sandraberg,48598
Madison Carter,122,308 Sharon Pass,West Scott,93134
Cynthia Gill,123,957 Barrett Streets,Martinport,27783
Dennis Hernandez,124,71901 Rachel Lock Apt. 872,Lake Rachel,20429
Catherine Smith,125,2894 Davis Unions,Delacruzfurt,33782
David Wright,126,7854 Jody Route Suite 050,Goldenville,04144
Jamie King,127,8803 Kevin Street,Combsborough,97742
Heather Schmidt,128,276 Watson Crescent Apt. 423,Ballardmouth,76314
Amanda French,129,73071 Courtney Lights,Stephaniechester,62844
Jamie Vance,130,0520 Robert Forest Suite 542,Port Robertfort,18488
Ian Brown,131,15207 Richard Estates Apt. 479,Hughesburgh,94360
Samantha Gordon,132,46339 Jason Valley,Cynthiahaven,37965
Deborah Hughes,133,907 Jose Field Apt. 437,Andrewton,77792
Randy Johnston,134,199 Curtis Plains Apt. 606,West Maryside,11079
Matthew Mcconnell,135,7760 Billy Branch Apt. 962,Edwardmouth,70384
Miguel Johnson,136,111 Carrie View Apt. 349,Johnchester,78400
Matthew Walsh,137,37881 Carly Springs Suite 708,Johnsonview,35567
Rachael Obrien,138,27941 David Fort,Jamiemouth,74880
Jacob Jenkins,139,3626 Jonathon Road,Jameston,53305
Scott Torres,140,530 Smith Prairie Suite 850,Acevedoton,42018
Kimberly Mitchell,141,513 Richard Mountains,Ianview,29698
Joseph Chaney,142,9654 Gomez Estate Suite 170,Geneland,28660
Jerry Clayton Jr.,143,8498 Joseph Station Apt. 177,Anitaberg,82644
Heather Brown,144,16182 Miller Shore Suite 536,West Jessica,63336
Calvin Allen,145,0552 Moses Street,North Curtisfort,23997
Heather Flores,146,73245 Ryan Fords Apt. 726,Lake Debra,22077
Tammy Foster,147,9481 Mary Lights,Lake Bryceville,60867
Richard Johnston,148,8612 Sandra Valley,New Lynnfurt,92000
Justin Allen,149,26091 Green Estate,Lake Benjamin,58676
Catherine Williams,150,2080 Boyd Causeway Apt. 173,South Katherineport,53287
Jorge Rogers,151,34047 Randolph Stream,South Ericfort,26195
Robert Rivera,152,053 Bell Spurs,West Ashley,79065
Kiara Johnson,153,042 Jose Trail,South Lisa,50052
Nicholas Adams,154,30100 Ronnie Dale,Nicolefort,60328
Casey Rivera,155,38945 Sherman Union,New Heathermouth,32239
Jeremy Lewis,156,70614 Williams Orchard Apt. 292,Kellymouth,19533
James Carroll,157,1649 Mack Forge Suite 426,Terrellshire,98189
Greg Tyler,158,26324 Stephen Route,Port Jackmouth,48203
Gene Robertson,159,7071 Angela Turnpike Suite 709,South Jennifershire,74351
Zachary Burke,160,81026 Wagner Orchard Apt. 530,Gonzalesmouth,20911
Jordan Mitchell,161,1219 Daniel Isle Suite 062,New Crystal,77132
Phillip Daniels,162,10100 Ashley Well,South Elizabeth,47654
Joseph Rios,163,08654 Diaz Rapid,North Brian,41747
Steven Cobb,164,37596 Peter Keys,Whitakertown,90890
Kendra Vargas,165,14205 John Crest,West Marcusfurt,91683
Crystal Jones DDS,166,948 Terry Cove,South Alyssa,33250
John Bell,167,7244 Carroll Stravenue,North Katelynhaven,98443
David Shaw,168,4931 Erika Rest,South Suemouth,22119
Larry Walker,169,8412 Ryan Park,West Matthewview,67348
Theresa Holden,170,11854 Fowler Islands Suite 163,New Brandon,70710
Kathleen Hall,171,36189 Michael Mills,South Anthony,40363
Michael Bass,172,27987 Lauren Inlet Suite 164,West Wendyville,31854
Michael Shelton,173,229 Lowe Unions,Port Cheryl,68168
Amy Simpson,174,6999 Jennifer Mountain,Davidside,43992
Melissa Miller,175,872 Rosales Tunnel Apt. 357,Jenniferhaven,98799
Natasha Anderson,176,47789 Johnson Harbor,Lake Susan,65210
Charles Carr,177,592 Shannon Streets Apt. 385,West Jessica,62879
Mark Rios,178,52960 John Extensions,South Alanstad,76112
Ashley Myers,179,564 Graham Island,Port Nancytown,47567
Antonio Carter,180,372 Mendoza Springs,Lambbury,35521
Austin Chavez,181,8034 Todd Ford,Caitlinfurt,01276
Andrew Bishop,182,6734 Baker Plains Apt. 112,Richardsonburgh,27232
Penny Frost,183,49087 Trujillo Manor Apt. 470,New Amyport,32510
James Woods,184,48197 Reyes Road,Lake Cynthia,62286
Wendy Snow,185,69014 Huber Bridge,Greenside,89153
Sabrina Ruiz,186,8633 Butler Spring,Huberburgh,77691
Janice Wilson,187,01730 Sara Ways Apt. 332,North Robertfort,32987
Martin Austin,188,7714 Anita Burg,North Ryanland,39669
Stephanie Zimmerman,189,172 Rodriguez Field Suite 561,Elizabethburgh,28476
Daniel Thomas,190,5599 Rios Turnpike,South Richard,08621
Erik Perez,191,619 Carter Center Suite 344,Mooremouth,05679
Marvin Castillo,192,191 Christopher Crossing Apt. 391,Courtneybury,99664
Kelly Allison,193,07215 Jennifer Plaza Apt. 127,Alvaradotown,74081
Lisa Klein,194,02266 Michael Spurs,New Sharonborough,40440
James Rosales,195,65984 Samuel Summit,Lake Michaeltown,83985
Angela Vaughn,196,17745 Edward Motorway Apt. 391,Wilsonside,20500
Robert West,197,366 Johnson Canyon Apt. 103,Port Theresamouth,48990
Hannah Ford,198,03067 Kennedy Plains Apt. 460,Brooksmouth,11559
Karen Webb,199,67455 Jon Plains Suite 852,West Brian,36294
Chelsea Smith,200,7931 Martinez Junctions Suite 167,Osborneville,13970
Sierra Sanchez,201,024 Rebecca Mills Suite 206,Martinville,92269
Brandon Garza,202,4078 Amber Brooks Suite 494,New Stephanie,46434
Jason Lawrence,203,98776 Drake Mountains Apt. 051,Thomasview,94105
Linda Moon,204,63095 Robert Stream,East Aliciafurt,61655
Barry Coleman,205,846 Hamilton Light,New Jillberg,86455
Melissa Weaver,206,2109 Butler Courts Suite 174,South Nicole,22114
Lawrence Schneider,207,18947 Heather Lodge,Stanleyborough,49688
Nancy Williams,208,9966 Cruz Haven Apt. 368,Debraborough,77840
Christopher Mcclure,209,06845 Michele Pine Suite 010,Jenniferhaven,19137
Richard Barton,210,12652 Nina Groves,Forbesview,67417
Joseph Deleon,211,502 Valerie Mountains Apt. 095,East Samuel,75066
Mark Roth,212,859 Green Ways,Nolanmouth,96156
Heather Booth,213,3911 Michelle Bypass Apt. 145,South Melissastad,92555
Lindsey Cordova,214,767 Parsons Highway Suite 964,Davisview,39819
Kathy Crawford,215,561 Matthew Circles,Danielshire,44104
Kelly Hendricks,216,82875 Garza Mission Suite 464,Patrickfurt,65703
David Hines,217,0570 Kyle Track Suite 271,Jenniferstad,73736
Lisa Rodriguez,218,771 Mason Court,New Brendahaven,32961
Timothy Burns,219,9304 Katie Manor Suite 486,Andrewview,17324
Gary Wall,220,8075 Richards Valleys,New Gloriaview,75446
Curtis Murphy,221,6102 Sierra Mill Apt. 419,Brewerside,06580
Monica Walters,222,7981 Joseph Mount,Rebeccaview,94964
Claire Lewis,223,092 Ashley Plains Apt. 976,North Michele,59468
Tyler Hernandez,224,119 Howard Well Suite 190,South Benjaminfurt,80624
Terry Martinez,225,038 Park Brooks,Wuville,52901
Kimberly Scott,226,75568 Jeffrey Forge Apt. 020,Staciestad,72089
Michael Gutierrez,227,02808 Davis Square Suite 281,South Samuel,78295
Hector Smith,228,95828 Little Pike Suite 075,Richardsside,99194
Michael Collins,229,55713 Sandra Meadows Suite 724,Michaelland,63758
Mrs. Anne Lopez DDS,230,5025 Johnson Springs Suite 109,Jenkinston,30146
Thomas Delgado,231,5268 Danielle Key Apt. 869,South Jaytown,84545
Brian Kim,232,23422 Kelly Trail Apt. 223,Lindahaven,49891
Jonathon King,233,79659 Ruiz Camp,Richchester,83196
Edward Gonzalez,234,960 Ryan Square,Glennshire,07953
John Brown,235,9385 Sullivan Freeway Apt. 305,East Andrew,34215
Jonathan Ross,236,189 Michael Via,Cruzstad,16016
Peter Hood,237,50936 Johnson Pike,Ruizville,56334
Kevin Cole,238,12958 Ray Pass,Aguilarstad,51303
Debra Avery,239,74334 Richard Greens Apt. 722,Schwartzside,39850
Michelle Randall,240,890 Hartman Rest,South Julie,43899
Bryce Lee,241,5120 Grant View,East Josephmouth,44699
Dr. Michael Gordon DVM,242,1450 Miller Avenue,Timothyfort,09224
Carrie Jackson,243,64988 Lisa Courts Apt. 313,Davisshire,50348
Christopher Hammond,244,77400 Palmer Prairie,Davisberg,73938
Lisa Horne,245,9631 Ryan Burgs,West Marymouth,78683
Jennifer Garrett,246,2001 Carolyn Corner,Laurenstad,21251
Troy Rivera,247,64431 Lisa Fords,Lake Tanya,03632
Michael Duncan,248,059 Smith Vista,Stevenborough,42669
Andrea Christensen,249,033 Olsen Estate Suite 799,Edwardton,30119
Xavier Jacobs,250,21635 John Points,Hurstborough,34539
Tyler Martin,251,774 Rogers Field,Williamsside,23513
Bobby Townsend,252,3591 Mark Knolls Suite 989,Lopezstad,67477
Sandra Strickland,253,10695 Kylie Trail,East Brandimouth,60435
Harold Anderson,254,4730 Arias Brook,West Michelle,05782
John Moss,255,438 Smith Inlet Apt. 945,South Maria,41456
Jason Griffin,256,2611 Jasmine Views,West Thomas,95887
Katherine Collins,257,01155 Stephen Groves Apt. 538,Brownton,76434
Brandon Berg,258,61668 Tucker Mission,West Mark,37623
Mr. Philip Davies,259,0555 Macias Plaza Suite 245,Barberport,51909
Anita Jackson,260,8283 Williams Club,Thomasport,81927
John Young,261,9508 Johnson Fork Suite 006,Stephenmouth,22020
Michelle Jenkins,262,71706 Graves Harbors Suite 710,Cynthiafurt,60547
Kelly Lee,263,85482 Rodriguez Harbor Suite 501,New Charlesshire,51094
Patricia Hall,264,268 Jones Walks Apt. 808,Lake Andrewport,46426
Joseph Moore,265,4886 Deborah Corner,Port Christina,64164
Jill Powell,266,02990 King Light,Lake Michaeltown,36343
Stephanie Alexander,267,765 Harris Turnpike Suite 463,Blackfort,30601
Jimmy Heath,268,47575 Jasmine Station Apt. 749,Jenniferville,13344
Christian Burns,269,016 Dustin Courts,Lake Tracystad,66614
Christine Irwin,270,286 James Ramp,Grahamview,32281
Kyle Thomas,271,10721 Sandra Shore,Lake Olivia,98535
Christopher Mcfarland,272,3721 Pierce Oval,Zacharyburgh,45547
Theresa Lloyd,273,594 Tara Meadow,Port Stephanie,43607
Amy Evans,274,3459 Vanessa Mills Apt. 313,Lake Deannamouth,02120
Andrew Mccormick,275,335 Patrick Mill,Kristenside,50214
James Hall,276,223 Marvin Inlet Apt. 574,South Cameronmouth,69419
Joseph Sherman,277,10177 Deborah Crossroad,New Bryan,88520
Alexis Gomez,278,3886 Crystal Points,South Joseborough,73505
Courtney Foster MD,279,59298 Kimberly Fields,South Jeremy,46760
Richard Howard,280,1301 Haynes Crest,Jackstad,83520
Lucas Young,281,79536 Jonathan Station Suite 997,Gillespieburgh,63339
Peter Payne,282,25174 Mark Squares Suite 449,Lake Nicholasport,55180
Andrew Herrera,283,655 Vega Forks Suite 765,New Brittanyport,56484
Christopher Smith,284,6423 Vargas Extension,South Michaelshire,36427
Amber Williams,285,75264 Ronald Points Apt. 114,Jamesville,45293
Brian Drake,286,722 Reginald Cliff Apt. 351,New Chadside,48265
Clinton Cisneros,287,7627 Scott Lane,Hartmouth,31147
John Holmes,288,14175 David Station,Brownville,33592
Robert Palmer,289,6126 Cynthia Fort Apt. 618,North Amber,97213
William Carter,290,4249 Angela Passage Apt. 956,West Jennifershire,31431
Mitchell Stewart Jr.,291,524 Morales Ports Suite 291,New Briannamouth,07739
Mrs. Karen Fox DVM,292,711 Brian Stravenue,New Sonya,60679
Sean Brown,293,4128 Troy Lock Suite 533,Ellenton,54893
William Stewart,294,4568 Shepherd Overpass,West Destiny,65778
Leah Martin,295,7000 Patricia Meadow,Susanchester,71696
Elizabeth Moore,296,4880 Hector Shoals,Wilsonburgh,80283
Monica Haney,297,7473 Rose Track,West Anthony,21834
Nathan Ballard,298,795 Lindsey Forge Apt. 387,Alvaradohaven,17829
Jacob Chandler,299,57436 Johnson Centers,West Heather,52031
Shannon Alvarez,300,748 Alvarez Squares Apt. 718,South Madelinehaven,95344
Mason Melton,301,2522 Davis Lock,Robertsbury,09119
John Hernandez,302,338 Miranda Summit Apt. 475,West Jesse,31280
John Schultz,303,4294 Daniel Crest Suite 938,North Brent,75080
Lisa Santiago,304,883 Edwards Shoals,West Tina,52643
Richard Rivera,305,1095 Bailey Summit,Atkinsonburgh,20190
Lisa Mitchell,306,8160 David Corners,Beckport,17761
Laura Jones,307,66363 Andrew Ranch,Andrewhaven,43074
Tim Hernandez,308,30449 Stephanie Ways,North Wendyview,08031
Chelsea Moon,309,9321 Matthew Station,Lake Lisa,93237
Janet Spears,310,9239 Moran Wells Apt. 327,Waynestad,73072
James Shields,311,475 Ryan Hills Suite 329,New Maryfort,13754
Laura Harris,312,610 Zachary Walks Suite 493,Port Justin,44842
Anthony Thomas,313,21837 Joe Drive Apt. 263,North Jeffery,50140
Gabriel Middleton,314,9307 Susan Freeway,Port Jacqueline,12407
Debra Wilkins,315,1234 Laura Avenue,Nicholasside,40396
Mark Mills,316,04564 Henderson Valley Apt. 163,East Adamberg,35948
Amanda Armstrong,317,7717 Hayes Greens Suite 745,West Timothyfurt,09927
Robert Benson,318,08758 Underwood Harbors,Martinezchester,69639
Joseph Taylor,319,5608 Kimberly Mission,North Alyssa,18789
William Smith,320,93668 Deborah Court Suite 363,Lake Susan,64827
Rebecca Woods,321,98970 Savannah Fields,Lake Paul,63542
Destiny Anderson,322,512 Tiffany Falls,North Kayla,69031
Christian Cooper,323,601 Morris Falls Apt. 447,Thomasshire,51710
Nathan Price,324,37839 Abigail Fords,Port Andrew,76470
Katrina Liu,325,25661 Elizabeth Courts,Bryanmouth,09660
Heather Rodriguez,326,980 Williams Ramp,New Peter,71809
Amanda Nunez,327,2573 Christy Ranch,Mckeemouth,56384
Kathy Miller,328,0176 Fields Place Suite 042,Lammouth,50317
Laura Collins,329,34470 Heather Burgs,New Jay,44981
Miss Mary Prince,330,11665 Ingram Shoal Apt. 529,Larrymouth,61119
Robert Hunter,331,96802 Michelle Circles Suite 209,North Jennifer,18811
Robert Smith,332,18713 Alexandra Ranch Suite 250,Hessville,97775
Dorothy Sanders,333,651 Henson Shoals,Colemanmouth,53615
Amy Jimenez,334,664 Thompson Lodge,Bruceland,08802
Mrs. Kristine James DDS,335,448 Williams Overpass Suite 834,West Carlosport,24119
Martin Murray DVM,336,210 Scott Forks Suite 906,Velezmouth,70202
Cheryl Franklin,337,4705 Thomas Circles,New Markberg,65130
Teresa Rodriguez,338,9487 Jesse Garden Apt. 879,New Josephview,80861
Rebekah Livingston,339,8163 Glen Prairie,West Corymouth,79369
Jonathan Moody,340,6349 Jason Hills Apt. 632,West Elizabethburgh,40541
Alicia Ware,341,6841 Alvarez Crossing,Mitchellstad,34928
James Garcia,342,0464 Dudley Ferry,West Kaitlynport,02249
Michael Hodges,343,62917 Amanda Square Suite 302,Lake Deanborough,61641
Patricia Stevenson,344,46439 Williams Tunnel,Calebmouth,60132
Nicole Hernandez,345,4341 Stone Row Apt. 711,Loganberg,93718
Angela Crane,346,7758 Lawrence Spring,East James,12936
Amy Johnston,347,45413 Valdez Valleys Suite 905,Bradleyland,80442
Ronnie Diaz,348,59738 Sloan Lock Apt. 291,Lindatown,69642
Rachel Garcia,349,4365 Johnson Prairie,Georgeton,20478
Lauren Young,350,195 Lewis Route Apt. 082,Travisshire,90419
John Hanson,351,5419 Nichols Station,Bakerhaven,90317
William Anderson,352,86832 Santana Shoal Suite 671,North Josetown,51945
Adam Russell,353,5935 Jo Highway,New Courtney,08177
Kaitlin Hicks MD,354,8852 Sara Bypass Suite 349,Lake David,72023
Jason Patton,355,73573 Singh Isle Suite 087,Pagestad,14826
Larry Wheeler,356,619 Miller Field Apt. 220,East Matthewside,12745
Mariah Rodriguez,357,568 Douglas Lake,East Patrick,53696
Ronald Jones,358,5526 Martinez Neck,East Raystad,92137
Robert Butler,359,417 Wendy Station Suite 493,Jacobbury,76739
David Schultz,360,95528 Veronica Underpass Suite 429,Robertmouth,50516
Robert Carney,361,284 Butler Course,Bryanshire,65888
Nicholas Smith,362,58282 Ward Meadow Apt. 559,Clarkchester,19550
Jordan Wilson,363,8923 Gordon Cliffs,Hansonville,02173
Austin Lewis,364,292 Kimberly Keys Apt. 200,West Heatherfurt,15243
Maria Holt,365,07673 Norman Shoals,Lake Vanessa,68998
Melissa Lambert,366,181 Anthony Turnpike,Samanthachester,17343
Kaitlyn Bowman,367,927 Elizabeth Grove,Brooksside,56848
Susan Patterson,368,18573 Turner Pine Suite 936,Barberburgh,98485
Gabriel Fisher,369,418 Collins Mill,West Michael,57005
Carlos Mann Jr.,370,79531 Brian Vista Apt. 390,West Brianhaven,81892
Glenn Stone,371,8996 Cheryl Mountain Suite 983,Charlesmouth,49106
Matthew Miller,372,950 Hudson Haven Suite 401,Port Stacyburgh,89720
Brandon Cobb,373,31624 Kevin Point Apt. 919,Torresside,24479
Renee Thompson,374,4272 Williams Plains,Lake Jeanburgh,15745
William Woods,375,6815 Karen Stream Apt. 978,Owenfurt,44230
Charlotte Simmons,376,2260 Cline Bridge,Lake Daniellehaven,52351
Mrs. Jane Brewer,377,7048 Page Cliffs Suite 773,Markfort,01509
Jordan Snow,378,30286 Barron Shores,New Cynthia,40398
Jake Johnson,379,65160 Clark Path Apt. 233,Jerryview,82533
Jonathan Manning,380,15362 Fernandez Plains Apt. 956,Ortizview,59805
Sandra Ellis,381,17238 Samuel Ridge Suite 954,Gracemouth,65166
Donald Duarte,382,785 Karen Common,Cortezmouth,54359
Charles Gutierrez,383,92514 Poole Glen,Port Michaelmouth,35383
Madison Robles,384,165 John Turnpike Apt. 452,Port Kellie,83595
Laura Wilson,385,41935 James Flats,Steventown,17175
Jerry Cherry,386,065 David Lights Apt. 788,Port Jeremyland,22293
Christina Gonzalez,387,635 Jon Fields,Derrickchester,89807
Tiffany Cowan,388,1323 Jordan Dam Apt. 054,New Abigailfurt,80843
Heather Oliver,389,58931 Smith Oval Suite 754,Lake Makayla,33761
Tonya House,390,0452 Williams Expressway,New Timothyside,10383
Jonathan Phelps,391,472 Vazquez Motorway,South Latoya,08791
James Park,392,2181 Blevins Lake,West Samantha,91529
Rachel Diaz,393,155 Richardson Mountain Apt. 194,Samuelstad,72198
Brian Smith,394,205 Dennis Street,Alexanderport,83509
Kevin Clark,395,82043 Leah Keys,Carlsonstad,93526
Sean Roberts,396,0821 Michael Lodge,Russellfort,15317
Hannah Griffin,397,80996 Steven Courts,Marvinshire,09534
Lisa Hardin,398,95689 Derek Ridge Suite 830,Gailville,29024
Jennifer Campbell,399,73682 Michael Centers,New Stanleyside,42483
Kimberly Massey,400,79428 Cox Green Suite 124,Josestad,66378
Elizabeth Bradford,401,478 Anderson Heights Apt. 650,West Jeanburgh,31839
Angel Kelly,402,8902 Joseph Inlet Apt. 263,New Cindy,41945
Nicole Bennett,403,94241 Curtis Landing,New Joshua,13289
Timothy Lopez,404,786 Lauren Springs Apt. 918,Faithshire,61774
Lawrence Herman,405,907 Larry Union,Derrickshire,49132
Terri Wright,406,2178 Samantha Trail Apt. 038,Maryberg,73839
Terrance Garcia,407,929 Christie Ramp,Lynchview,11388
Mark Rodriguez,408,6217 Smith Overpass Apt. 963,Laurentown,65645
Terry Gonzalez,409,57131 Weber Forge Apt. 664,Robertton,44998
Daniel Andrade,410,3155 Weber Wall Suite 324,Coleville,36376
Carl Fleming,411,704 Hill Port,New Douglasmouth,95506
Diane Delacruz,412,9065 Watson Stream,New Brianville,65266
April Cummings,413,5293 Haynes Well,Nicholasmouth,38800
Nicholas Vasquez,414,08833 Katie Forks Apt. 997,Smithburgh,57561
Derek Lowe,415,636 Bruce Gardens,Edwardtown,36789
Cory Williams,416,442 Reid Villages,Richardchester,38331
Kevin Wood,417,1227 Gregg Square,Thompsonport,12917
David Smith,418,755 Collins Inlet Apt. 074,Ronnieberg,63691
Carol Weaver,419,46965 Melissa Station,Pamelamouth,83462
Logan Calderon,420,3628 Alejandro Cove Suite 257,Port Curtismouth,59282
Michael Thomas,421,67525 Jasmine Turnpike,South Michaelbury,15966
Chad Johnson,422,8847 Riley Isle Suite 929,Port Michaelstad,06138
Heather Rowe,423,68301 Peter Green Apt. 256,North Rodneytown,65572
Christina Davenport,424,10977 Joy Wells,West Johnbury,96917
Rebecca James,425,7177 Aaron Rapids Suite 791,Josephport,54122
Carla Bowman,426,423 Casey Throughway,Robersonfort,37530
Diana Jones,427,140 Tonya Spur,Christopherborough,45950
Susan Powers,428,63766 Brandon Station,Port Jeremyville,21958
Amy York,429,11539 Julie Coves,New Davidmouth,96466
Patricia Brady,430,0787 Patricia Lakes,Jasonville,17197
Vanessa Berry,431,5563 Riddle Mall Suite 170,Melindafurt,32475
Jerry Ruiz,432,54964 Caitlin Row,East Amberton,34725
Jennifer Marshall,433,8982 Kerr Terrace,North William,14715
David Murphy,434,32759 Fitzgerald Fort,East Jerry,68916
Alicia Austin,435,55199 Jones Estate Apt. 699,New Kelseychester,41131
Anna Tran,436,49946 Reynolds Mountains,Lake Ryanchester,74642
Zachary Rogers,437,87112 Johnson Manors,Chadview,09857
Garrett Carroll,438,7046 Lucas Dale,New Alexisshire,05310
Paul Humphrey,439,101 Vaughn Crossroad Suite 551,West Courtney,57626
Erica Chapman,440,8527 Sutton Knolls,Davisside,49315
Warren Wells,441,553 Justin Track,Rebeccastad,81737
Nicholas Morris,442,26532 Stephens Fork,New Lynn,77463
Jennifer Armstrong,443,7217 Hebert Crossing Suite 791,Port Dylan,49979
Jessica Morris,444,51837 Johnson Mountains Suite 349,Kristinberg,81757
Jessica Alvarez,445,2553 Brown Street,South Jamieview,37377
Tina Henson,446,795 George Freeway,Lake Brooke,71279
Holly Wade,447,36238 Morgan Plain Apt. 406,Floresborough,40520
Jennifer Hanson,448,9731 Hanson Wells Apt. 177,Coxside,61461
Louis Clark,449,67003 Rachel Harbor Apt. 785,Port Shane,03845
Richard Bishop,450,3896 Hannah Fort,New Saramouth,21769
Kevin Kennedy,451,40096 Ashley Spurs Apt. 863,Burchshire,73253
Victor Ryan,452,532 Cox Junctions,Bennettville,40688
Matthew Brennan,453,232 Erika Extension,New Jason,30923
Shane Griffin,454,73678 Holly Keys Apt. 454,South Christy,94549
Michael Reyes,455,10559 Aaron Field Suite 938,Port Karina,67333
Jennifer Chavez,456,2915 Sawyer Roads Apt. 643,Port Christopher,42506
Adam Hernandez,457,480 Drake Parkways Apt. 280,Hardingmouth,54546
Samuel Smith,458,323 Matthews Unions Apt. 081,North Wesley,37431
Amanda Sloan,459,838 Christopher Knoll Apt. 357,Michaelmouth,74921
Jeffrey Higgins,460,1366 Erika Fall,Lake Williamport,83900
Jacqueline Wilson,461,152 Donald Terrace Apt. 384,New Jose,20956
Beth Cunningham,462,168 Carrie Ferry,Kevinhaven,89965
Deborah Porter,463,8278 Tanya Island,West Lisa,96886
Taylor Douglas,464,0995 Weaver View Suite 474,Donnachester,41909
Aaron Greene,465,07924 Jesse Hollow Suite 366,Andreburgh,57956
Jonathan Harvey,466,7453 Smith Mountain,West Antoniostad,09599
Beth Bradley,467,1170 Barnes Plaza Suite 598,Barnesville,00809
Thomas Jones,468,8845 Lopez Port,Andrewfurt,80978
Jeffrey Farley,469,83215 Jenkins Forges,North Beverlyport,70760
Jeffrey Brown,470,769 Christopher Ferry Apt. 409,East Michaelchester,92655
Anthony Young,471,4668 Stephen Brook,Christinahaven,45087
Joseph Rice,472,1011 Olson Stravenue,Ariasview,16643
Yvonne Buckley,473,766 Robert Mountain,Josephberg,59741
Joseph Murphy,474,62929 Garcia Plaza Apt. 188,North Jessicaland,41243
Samantha Garcia,475,5731 Miller Station,South Lisatown,53726
Jonathan Henderson,476,286 Adrienne Trail,Smithside,97367
Christina Travis,477,950 Hatfield Spur Apt. 173,South Kevinhaven,82316
Brenda Howard,478,433 Destiny Locks,Patriciamouth,27375
Christopher Adkins,479,21111 John Knoll Suite 055,Shannonport,79510
Willie Adams,480,64723 Katrina Overpass,South John,58071
Dustin Doyle,481,0713 Kristina Court,Ramirezhaven,96551
Colleen Martin,482,14188 Daniel Fall Apt. 016,Lake Adamland,55908
Casey Figueroa,483,4717 Michael Drive Suite 111,Daniellehaven,34196
Katherine Cook,484,87456 Joshua Roads,South Jeffreyfort,36407
Bryan Montgomery,485,617 Eric Inlet Apt. 634,Pittsland,96684
David Ruiz,486,2844 Rhonda Isle Apt. 004,Kirbyfurt,86109
Mr. Johnny Martinez,487,44468 Shepherd Motorway Apt. 579,Saraburgh,77767
Jessica Giles,488,56587 Lewis Port,South Danaview,08562
Krista Walsh,489,5583 Thompson Falls,Danielston,49125
Dr. Mark Lowe II,490,570 Reed Falls,North Timothyland,79353
Stephen Williams,491,1701 Kennedy Stravenue Suite 896,Nicholasshire,31752
Christopher Boyle,492,603 Roger Parkway,Elizabethshire,84899
Jonathan Roberson,493,4598 David Groves Apt. 994,West Garrett,18026
Ryan Williams,494,39454 Bright Rue Suite 314,Sarachester,76484
Robert Jimenez,495,765 Erickson Brook,Lake Hunterland,45079
Ian Parks,496,03956 Jackson Village Apt. 227,Port Karenville,42410
Alyssa Perry,497,61253 Ballard Vista Suite 463,Rodriguezport,13012
Vicki Jimenez,498,526 Lester Parkway Suite 987,Stevenchester,71614
Eric Wright,499,35025 Melissa Falls Apt. 458,Mendozafurt,98142
Gary Smith,500,88955 Cervantes Mission Apt. 824,West Nicolemouth,21702
Timothy Moore,501,80726 Denise Courts Suite 862,Martinbury,01628
Michael Lee,502,763 Osborn Corner Apt. 070,West Ashley,10221
Jason Jensen,503,57447 Lutz Shoals Suite 854,Port Courtney,71208
Miguel Daniels,504,06271 Robinson Extensions Apt. 308,East Tara,63305
Laura Arnold,505,847 Figueroa Circles,Danielbury,89925
Kristina Smith,506,591 Michael Rue,Carlsonview,12936
Robert Park,507,108 Autumn Locks Apt. 688,Thomasland,40411
Daniel Schaefer,508,9909 Ashley Wells Apt. 298,East Luis,97810
Darryl Smith,509,63246 Jessica Wall,Scottshire,10167
James Bray,510,72293 Jones Shores Suite 360,Ochoamouth,30827
Gail Henry,511,835 Philip Via,East Melissabury,94908
Patricia Dillon,512,10444 Jenkins Tunnel,West Kariburgh,32790
Jennifer Sanders,513,268 Gerald Springs Apt. 459,Stevenfort,42364
Adrian Holder,514,561 Ricky Dam Suite 944,Sandrafurt,51188
Patricia Clark,515,60312 Daniel Dam,South Kevin,62746
Pam Williams,516,250 Ricky Canyon Suite 695,South Amy,12114
Jean Cook,517,99258 Garza Locks,Whiteheadton,58582
Monique Alvarez,518,16794 Johnson Loaf,Kimberlyberg,76895
Sharon Hall,519,09413 Miles Lakes Suite 467,North Hunter,91810
Tammy Phelps,520,17811 Brown Ridges Suite 712,Brianbury,16204
Brianna Johnson,521,7319 Hardin Trail Apt. 891,Ricetown,35287
Charlotte Kim,522,40073 Anthony Mission,Port Matthewton,87376
William Trujillo,523,8232 Barton Key Suite 534,New Matthewstad,99456
Linda Hansen,524,768 Michael Spring Suite 231,Lake Wesleyville,60347
Pamela Mendoza,525,9035 Michael Plaza Apt. 663,East Davechester,88821
Cameron Turner,526,594 Caleb Way,Johnsonmouth,63026
Jordan Higgins,527,5209 Thomas Rest,Robinsonshire,23927
William Griffith,528,8879 Lane Isle Apt. 555,North Ericbury,56820
Mr. Christopher Mcknight,529,7563 Riley Spurs Apt. 750,New Georgeville,27613
Brandon Smith,530,350 Doyle Knolls Suite 952,East Christopherfurt,61876
Nicole Underwood,531,0723 Casey Rapid Apt. 199,Ericmouth,68630
Jessica Rodriguez,532,50602 Michelle Roads,Lake Kimberly,80723
Sara Smith,533,1777 Rivera Junction Apt. 601,Jamesstad,92120
Alan Silva,534,08502 Michael Mews Apt. 953,West Barbara,07270
Kimberly Henry,535,002 Martinez Orchard,Jorgestad,09548
Olivia Mcdowell,536,293 Johnson Cove Suite 806,Alvaradoland,89694
Alyssa Marshall,537,9825 Mary Course,South Jill,57113
Alexandra Jones,538,491 Moreno Place,Edwinview,95674
Michael Brooks,539,0546 Michelle Brook,Port Jesse,32574
Bryan Lewis,540,555 Floyd Falls Suite 681,New Jesusmouth,80500
Andrea Delacruz,541,468 Danny Land,East Kathleentown,49413
Katie Taylor,542,4935 Lisa Rue,East Joseph,29013
Sarah Moore,543,4011 Andrew Freeway Suite 398,Erinton,57280
Elizabeth Chandler,544,2798 Mary Meadows Apt. 566,Anthonyport,57868
Regina Miller,545,90568 Kari Key Apt. 516,New Clayton,95108
Lawrence Carson,546,027 James Lakes,Johnborough,40483
Shelly Ortiz,547,8766 William Canyon Apt. 318,North Michaelfurt,41232
Shannon Meyer,548,705 Christine Manors,New Donaldview,48671
Neil Campbell DDS,549,96864 Buckley Junctions,Jonesborough,92086
Jennifer Williams,550,23852 Gonzalez Dale,Santiagostad,84728
Willie Sutton,551,0587 Tonya Streets,Toddchester,80644
Joshua Bright,552,049 Miller Cliff,Garciamouth,43820
Kimberly Ward,553,658 White Mount Apt. 737,New Cynthia,08179
Allison Robbins,554,2455 Wright Cove Apt. 057,Andrewville,96024
Troy Gonzalez,555,5842 Gonzales Islands,New Amber,25049
James Brown,556,88225 Moss Villages,North Jillbury,33531
Derrick Hatfield,557,517 Angela Glens Suite 851,North Frankton,47207
Evan Payne,558,374 Meyer Isle,North Jessica,81488
Cameron Stephens,559,3047 Lindsey Stravenue Apt. 093,Johnsonfurt,76161
Michael Williams,560,114 Jones Court,Goodwinfurt,44817
Nathaniel Bridges,561,4078 Rojas Center,Lake Laurenhaven,61729
Clayton Arnold,562,65223 Esparza Rapid Suite 826,Nielsenview,78154
James Sweeney,563,1824 Davenport Ferry Suite 906,Lake Craigburgh,69334
Frederick Evans,564,2938 Edward Throughway Suite 704,West Franklin,89516
Jordan Turner,565,48240 Rodriguez Station,North Angelborough,09049
Bryan Gentry,566,25077 Stephen Parkways Apt. 980,Markchester,16242
Amy Wilson,567,3341 Haley Isle,Christopherborough,97656
Robert Cobb,568,2859 Deborah Plain,North Karenport,64654
Gerald Martin,569,315 Hogan Canyon,New Jimmyton,03583
Brittany Dennis,570,236 Mayo Valley,New Connieview,46186
Kayla Butler,571,6603 Oneal Forks Apt. 056,South Mollyport,29690
Monica Barnett,572,370 Hines Squares,Cochranfort,14539
Kathleen Thompson,573,619 Green Mountains Suite 938,Perryborough,66502
Jonathon Morton,574,480 Chavez Course Suite 431,Bradside,24875
Nichole Villegas,575,00686 Mary Hills,Lake Victoriabury,12510
Christian Patterson,576,7858 Travis Club,Michellefurt,23712
Stephanie Sexton,577,746 Graves Common Suite 009,New John,97908
Steven Collins III,578,84500 French Corners,Port Jonathanfort,97182
Manuel Matthews,579,59683 Amy Shores Apt. 123,Martinezville,32325
Nathaniel Gordon,580,9878 Lopez Tunnel,Carpenterstad,09371
Kristi Anderson,581,74804 Ortega Pass Suite 568,Port Jared,05383
Lisa Roth,582,87430 Scott Extensions,Chavezland,32257
Adriana Byrd,583,19342 Betty Mill Apt. 415,South Raymond,33907
Brenda Murphy,584,924 Dana Divide Suite 132,North Paulfurt,35721
Douglas Palmer,585,537 Lopez Shore Suite 003,Bellburgh,51243
Jessica Chang,586,496 Penny Divide Apt. 012,North Rebeccafort,48542
Christopher Gonzalez,587,04165 Carpenter Hill,New Margaretberg,78493
Tracy White,588,36442 Patrick Ports,Amyfort,71070
Stefanie Reed,589,6885 Porter Shores,South Barbara,45724
Brian Martin,590,67958 Jennifer Estates Apt. 334,Rogerston,05461
Brian Rivera,591,70600 Gibbs Pine,Lake Erinburgh,17832
Kimberly Jackson,592,0935 Lisa Club,Port Brendamouth,59401
Daniel Scott,593,91172 Laura Row Apt. 802,Jonesside,65266
Vincent Lee,594,559 Kelly Green,Thomasberg,21678
Micheal Anderson,595,1645 Mario Courts,East Nicole,96780
Andrea Howard,596,494 Jessica Locks Apt. 975,North Raymond,55581
Sarah Schultz,597,9813 Gregory Pines,West Anthonyland,01620
Ryan Fox,598,6029 Tracy Drives Apt. 075,New Patriciatown,68349
Misty Ramirez,599,0535 Cynthia Tunnel Suite 504,Brianbury,61435
Benjamin Rios,600,72125 Lewis Lock,Port Edward,79659
Nicole Moore,601,0752 Brian Tunnel,Deleonmouth,52430
Mr. Richard Hale DDS,602,30375 Patton Radial Suite 306,New Jenniferport,54288
Timothy Jackson,603,962 Stacy Port,Teresaport,84368
Sara Fisher,604,22625 Chris Grove Apt. 285,Curtisville,68331
Jacqueline Robinson,605,2061 Mcneil Path Apt. 294,Armstrongland,16633
Barbara Garza,606,47880 Brown Mill,Robertfort,80965
Steven Ellis,607,06958 Hobbs Meadow,West Brianbury,82685
Sonya Rivera,608,09891 Jason Brook,North Nicholas,63817
Stacey Cook,609,9165 Kevin Street,Brettmouth,82740
Bobby Black,610,16822 Adams Court Apt. 482,Lake Kathy,71468
Jennifer Watts,611,94013 Murphy Valleys Suite 718,Rodneyville,71984
Kimberly Smith,612,26743 Smith Corners,New Jennifer,92819
Robert Blackburn Jr.,613,925 Cody Parkways Suite 836,Blackfurt,15326
Randy Patterson,614,89422 Gray Throughway,Brittanyfurt,30383
Gregory Hernandez,615,79386 Zachary Road,Rodriguezton,09593
Patricia Conway,616,1374 Monica Canyon Suite 702,Crystalland,59724
Ethan Garcia,617,984 Bailey Forks,Jonesborough,85350
Marie Le,618,7486 Richard Ranch,East Brandonstad,46543
Jeffrey Mayo,619,832 Danny Vista,East Danielle,15860
Kim Alvarez,620,0673 Traci Walks,Lesliestad,40212
Lori Gamble,621,03974 Smith Mountains,Milesland,22817
Christian Schaefer,622,55039 Harrison Locks,Shawhaven,57046
Kim Alvarez,623,8750 Jill Mission Apt. 572,Sellersbury,19449
Jose Morrison,624,25223 Michelle Vista,Brianhaven,76092
Melissa Berg,625,318 Byrd Islands Suite 006,Mcculloughfort,13602
James Sharp,626,955 Wilson Mountain Apt. 178,New Natalie,74968
Stacey Martin,627,180 Kristie Hill Suite 585,New Rebeccaton,98759
David Strong,628,247 Brianna Lake,North Megan,21403
Julie Dickerson,629,3391 Samantha Mission Apt. 471,East Allisonstad,46377
Erin Conner,630,065 John Greens Suite 467,Wheelerville,41119
Zachary Adams,631,064 Sarah Shores,Nancymouth,79596
Nicole Ramos,632,712 Ashley Ramp,Littlehaven,24054
Amber Moore,633,334 Glover Locks Suite 907,Pamelaside,46764
Joseph Santana,634,835 Wilson Mills,West Gregorybury,80179
Cody Martinez,635,311 Daugherty Station Suite 197,Keithton,61824
John Atkins,636,658 Carter Highway,Andersontown,59258
Pamela Miller,637,3764 Doyle Isle,East Ethanview,38814
Holly Cunningham,638,476 Smith Summit Suite 215,New Donald,02776
Daniel Phillips,639,81200 Elizabeth Manor,South Christianland,13937
Ronald Shaffer,640,577 Joshua Underpass Apt. 249,Loweborough,99092
Eric Wilson,641,09134 Henderson Skyway,New Shannon,61400
Jason Patterson,642,395 Breanna Ports Apt. 100,Victortown,01725
Kyle Weber,643,442 Hunter Village Apt. 749,West Martha,89223
Carol Ortiz,644,888 Barton Square,Orozcohaven,76889
Mrs. Paula James,645,31311 Dylan Tunnel,South Philip,20318
Micheal Lynch,646,5675 Foster Rapid,West Michael,03133
David Ford,647,709 Miller Rapids Suite 951,South Shannon,94311
Randy Johnson DVM,648,31323 Leah Avenue Apt. 048,New Sandra,70612
Kathy Miller,649,17527 Stevens Parkways Suite 176,Allenport,62791
Dustin West,650,5088 Randall Extension,Lake Sherrystad,13238
Gail Daniel,651,9251 Anthony Land,Hillport,50192
David Hill,652,412 Thomas Villages,Barnesburgh,82923
Connor Thompson,653,03513 Anderson Mountains Suite 227,North Tiffanyside,35782
Jason Ramirez,654,278 Roberts Spurs,Reedview,88886
Timothy Oneill,655,00501 Jorge Forks,West Jenniferbury,05778
Angie Jones,656,312 Thomas Expressway,West Jason,49905
Lucas Nelson,657,4050 Marshall Bypass,Mariastad,29600
Emily Schneider,658,1667 Johnston Centers Apt. 818,Richberg,52006
Adam Barron,659,9191 William Forest,Fordshire,53790
Suzanne Perkins,660,4179 Beth Mountain,New Tracychester,50343
Eric Carson,661,935 Robert Mission,East David,37888
Paul Best,662,00953 John Inlet,Deborahview,04673
Amy Lawson,663,85040 Cruz Trail,East Jeremiah,19077
Andrew Pineda,664,1838 Christopher Village,New Alice,60765
Brianna Dudley,665,6783 George Garden,East Taylor,22912
Tiffany Bartlett,666,04468 Erika Well,Josephmouth,54994
Jay Lane,667,33584 Ryan Hills Suite 004,Mccormickfurt,18897
Duane Rhodes,668,9875 Alexandra Rapid,Foxhaven,20259
Debbie Scott,669,84763 Hart Isle Apt. 649,Andersonmouth,42154
Lori Mcgee,670,866 Anthony Union,Brownhaven,58647
Ms. Lynn Brown,671,1325 Farmer Walk Suite 063,Stephanieberg,34423
Donald Pruitt,672,183 Brian Hill Apt. 296,Stephaniestad,19431
William Perez,673,3177 Saunders Rue,South Alicia,04035
Monique Henry,674,26782 Collier Forges,East Henryborough,38931
Natalie Potter,675,553 Smith Plaza Suite 875,Lake Cynthiafort,28718
Tabitha Mason,676,78211 Roy Squares,Rhondastad,57508
Walter Wilson,677,077 Nicholas Spurs,West Donaldchester,37858
Stanley Scott,678,991 Maxwell Alley Suite 182,East Desiree,26227
Sandra Hoffman,679,75929 Jones Stream,West Julieville,17216
Catherine Harvey,680,319 Michael Wall Apt. 137,North Thomasshire,49372
Blake Jones,681,653 Singh Union,Edwinport,15763
Curtis Wood,682,275 Michael Port Apt. 753,West Kathyfurt,67943
Sarah Gonzalez,683,786 Morgan Circle,New Jenniferland,07121
Rebecca Alvarez,684,1065 Mary Prairie,Powersbury,10427
Jill Bowen,685,52291 Thomas Keys,Lake Ashleyfurt,63183
Christopher Kim,686,557 Derek Fort Suite 662,North Hunter,34219
Catherine Pham,687,64498 Castro Fords,Samuelmouth,11188
Ryan Marshall,688,2331 Linda Manors Apt. 896,Paulachester,96554
Margaret Wood,689,883 Lawrence View Apt. 451,West Elizabeth,09730
Cheryl Scott,690,1235 Sweeney Expressway Apt. 281,Port Sharonton,68611
Timothy Frazier,691,62133 Theodore Estate Suite 406,Port Markland,62068
Robert Greer,692,9513 Holly Junction Apt. 198,New James,29236
Michelle Woods,693,3550 Charlotte Shore,East Amandatown,62932
David Rosario,694,50508 Chad Drives,Port Mariamouth,36534
Shannon Smith,695,74042 Delacruz Light Suite 502,West Tyler,73024
Dustin Hopkins,696,94182 Brown Plains Apt. 304,Frostberg,24567
Timothy Russell,697,6908 Davis Causeway,Hughesside,65573
Patricia Ross,698,306 Hayes Field,New Alyssa,28150
Brett Sellers,699,51409 Fischer Dam,Ortegaborough,38595
Teresa Jacobs,700,6440 Leroy Island,West Lindaborough,24766
Shawn Page,701,7444 Deborah Estate,West Heather,92003
Christopher Gardner,702,400 Sarah View,Lake Tinabury,46738
Ray Adams,703,546 Jeffrey Corner Apt. 271,Davidton,98562
Jesse Phillips,704,9086 Nguyen Valleys Apt. 760,Collinsville,95831
Dr. Jasmine Gillespie,705,55774 Roy Fork Apt. 176,Schultzchester,56388
Anthony Schmidt,706,0171 Elizabeth Road Suite 172,West Williamfurt,95940
Alejandro Roberts,707,068 Mark Extensions,Greenstad,63834
Mrs. Stacy Roth,708,30544 Rivera Lakes,Charlesberg,22097
Corey Johnson,709,638 Ali Trafficway,Greenshire,72052
Isaac Stone,710,929 David Junction,Josephland,33181
Carol Bowers,711,6477 Catherine Gateway,South Brianstad,08803
Bethany Wilkinson,712,6266 Reed Ferry,Bergerborough,92825
Angela Mercado,713,20535 Jesse Field Apt. 612,Murrayfurt,95968
Tim Lowery,714,002 Peters Creek,Rodriguezfurt,04419
Katherine Webb,715,7678 Jensen Terrace Apt. 366,North Frederick,76639
Antonio Evans,716,059 Tanya Fork Apt. 842,Lake Daletown,73809
Alyssa Sherman,717,30109 Richard Cove Suite 505,Gutierrezhaven,47730
Kathleen Jackson,718,81315 Escobar Common Suite 196,Ingramtown,17965
Rhonda Martinez,719,8516 Henderson Trafficway Apt. 757,Smithborough,59475
Sydney Lopez,720,4029 Torres Glens,Andersonfurt,22401
Tiffany Russell,721,5001 Mcknight Manors,South Stephanie,16873
Daniel Hill,722,248 Williams Island Suite 522,Jacksonview,05195
Ronald Nixon,723,8725 Jennings Mountains Apt. 684,Bellchester,03264
Michael Simmons,724,46983 Krause Camp Apt. 129,Kimberlyberg,48962
William Stanley,725,0548 Rivera Run Suite 578,Clayland,27624
Ruth Gentry,726,416 Jose Manors,Timothymouth,58617
Samantha Jacobs,727,55418 Nichols Centers,Elizabethland,79192
Kerry Morse,728,0481 Warren Prairie Apt. 128,Thomasport,74990
Christopher Adkins,729,88201 Smith Islands Suite 355,Summerstown,26470
Justin Martin,730,947 Schwartz Rapids,Greenville,66442
Shannon Mendez,731,9353 Brown Stravenue,Tylerchester,18669
Matthew Salazar,732,5485 Jordan Courts Apt. 584,Turnerberg,59856
Willie Martinez,733,256 Hunter Lake,Cohenmouth,34207
Andrew Aguirre,734,9941 Yvonne Mountain Suite 249,New Lorihaven,66125
Albert Sellers,735,3426 Cassandra Mall Apt. 280,New Crystal,80108
Stephen Haney,736,3685 Mary Creek Apt. 954,Amberview,83729
Robert Velez,737,7303 Rocha Shore Apt. 543,Jessicamouth,66513
Isaac Ross,738,109 Cruz Gateway,North Alexis,73212
Joseph Brown,739,7719 Susan Way,Taylorberg,77233
Emily Serrano,740,88139 Natasha Locks Apt. 051,Stevenport,98848
Michelle Mccarty,741,9820 Deleon Points Suite 004,West Robert,55373
John Long,742,114 Joshua Flats,Priceburgh,36765
Cassie Morrison,743,87118 Warner Key Suite 906,Port Shane,38240
Corey Hernandez,744,654 Garner Track Apt. 174,Michelleview,26082
Michele Hill,745,13899 Stephen Junction Suite 538,North Lindsaychester,09027
Emily Allison,746,65369 Jessica Cliffs,Gamblemouth,38786
Edward Bennett,747,6104 Catherine Estates Suite 201,South Christyton,21877
Matthew Walker,748,65489 Sheila Courts Suite 550,West Thomasberg,04699
Taylor Lee,749,1207 Victoria Ford,New Lindamouth,08880
Kimberly Roberts,750,0883 Erik Orchard,Clarkfurt,61894
Charles Harrington,751,657 Rivera Knolls,Ninaborough,21288
Sara Padilla,752,253 Rodriguez Street,Hernandezmouth,77110
Samuel West Jr.,753,4601 Evans Lodge Apt. 213,East Paul,74109
Robin Hubbard,754,7951 Coffey Shoal,South Seanview,01851
Elizabeth Gonzalez,755,20642 Greene Hills Suite 097,Lake Terri,11972
David Rich,756,7998 Sara Gateway,East Angelaborough,86012
Mrs. Casey Carroll,757,7304 Courtney Via Suite 376,Masonville,15669
Shannon Rogers,758,1450 Houston Parkways,Navarroburgh,81200
Matthew Moreno,759,855 Jason Summit,Michaelmouth,45922
Rachel Brown,760,426 Kent Trafficway Apt. 933,Victoriaburgh,66250
Michael Stephenson,761,38823 Hernandez Expressway,Fleminghaven,34391
Cynthia Johnson,762,40873 Allen Trail,Lewisbury,98912
Michael Lane,763,603 Heather Loaf Apt. 196,Elizabethshire,64045
Tammy Lopez,764,39245 David Street Suite 640,New Brooke,64565
Nicholas Travis,765,029 Teresa Way Apt. 027,West Seanburgh,03426
Carol Lee,766,653 Rodriguez Springs,Bartontown,60161
Nicole Bautista,767,4796 Mario Unions,South Cheyenne,15317
Paul Trevino,768,92937 Ebony Burgs,Shawnhaven,22504
Garrett Shah,769,503 Amber Lock Apt. 020,New Miranda,78066
Holly Sanchez,770,560 Lauren Unions Apt. 323,Jenningschester,12294
Donna Hudson,771,072 Burnett Street Apt. 691,South Kevinport,48622
Brian Rodriguez,772,32100 Amanda Roads,Atkinsberg,28832
Leslie Craig,773,05078 Sydney Hills Apt. 731,West Alexandriaburgh,12297
Dana Kane,774,75572 Tucker Knoll Suite 701,Loriburgh,07893
Megan Rivera,775,7615 Harris Lights Suite 888,Justinland,57104
Kenneth Jackson,776,8851 Scott Lakes,Erinview,26861
Christopher Santiago,777,552 Johnson Mills,Meganfurt,15543
Jennifer Williams,778,637 Boyd Fords,North Leonardport,92719
James Clark,779,455 Gloria Mews Apt. 552,Rickychester,56867
Curtis Morse,780,647 Owen Neck Apt. 723,Lake Evelynside,95597
Tyrone Goodwin,781,997 William Forges,Morrishaven,68882
Michael Harris,782,04923 Kenneth Fields Apt. 919,North Jose,22997
Sarah Bass,783,584 Cassidy Ford,North Garyborough,55571
Jennifer Peters,784,568 Brandon Summit Apt. 733,Lake Jameschester,22721
Mark Gonzalez,785,352 Joseph Cliffs,South Tiffany,39276
Sean Hernandez,786,2322 Barry Court Suite 319,Harmonfurt,70116
Mark Camacho,787,0810 Rivera Road Suite 783,New Karen,34206
Thomas Andrews,788,69783 Zimmerman Circle Apt. 221,Port Lance,35118
Kenneth Smith,789,826 Kevin Coves Apt. 407,Christinemouth,80555
Mrs. Melissa Ramos,790,08247 Santana Branch Apt. 452,Ariastown,39942
Samuel Miller,791,1898 Valerie Loop Apt. 932,West Josephtown,04423
Thomas Fischer,792,7828 Parker Shore Apt. 225,Port Caroline,67832
Ana Vargas,793,8262 Li Roads Suite 188,Port Gabrielport,37173
Rebecca Ellis,794,38020 Garcia Knolls Suite 328,Burkemouth,25741
Antonio Horn,795,228 Jones Inlet,Brandonland,80086
Mark Watson,796,3452 Stafford Creek,New Nancychester,18341
Daniel Duarte,797,134 Jonathan Circles,Port Sarahchester,54874
Amanda Alexander,798,38618 Alvarez Brooks,Alyssaville,34982
Patrick Sullivan,799,5253 John Walk Apt. 221,North Rebecca,59473
Makayla Cunningham,800,184 Duncan Prairie,Lake Kristinfurt,40413
Julie Weaver,801,3109 Cameron Ways,Daviston,93472
Scott Wilson,802,93160 Justin Summit Apt. 247,Smithchester,74768
Shannon Bennett,803,07361 April Fords,Johnsonton,97520
Lisa Long,804,1864 Stephen Crescent,Port Angela,72721
Rebecca Brown,805,295 Brandon Valley,Lake Darrell,81157
John Lara,806,888 Jones Corners,Saraborough,03744
Samantha Perez,807,01052 Fernando Hill Apt. 372,Lake Andreburgh,08531
David Fields,808,1757 Roberts Walks Suite 095,Kellyview,98848
Eric Porter,809,544 Danny Corner Apt. 367,Lake Brendatown,03228
Matthew George,810,74760 William Extensions Apt. 897,Chenchester,27163
Adam Bowman,811,3264 Perry Pike Apt. 623,South Katrinaton,02033
Kelsey Russell,812,16821 Hamilton Court Apt. 253,Dennisborough,50204
Peter Bonilla,813,83607 Johnson Square,Kellychester,47096
Karen Stanley,814,00837 Jones Highway,New Joshua,03715
Chris Hernandez,815,1847 Long View,Port Brandyshire,70180
David Hall,816,5615 Ryan Plains Apt. 632,South Justin,28967
Linda Hudson,817,67910 Brooke Falls,Nashtown,26440
Erica Bowman,818,047 Anthony Squares,East Frank,46714
Brian Munoz,819,48338 Kaitlyn Mountain Apt. 745,Meyerport,73866
William Anderson,820,4531 Simmons Coves,Samuelport,67049
Daniel Dennis,821,532 Jill Lock,Ericside,25456
Jennifer Fischer,822,48424 Christopher Ranch,Port Hannah,33932
Morgan Santos,823,898 Brandi Summit Suite 226,North Michaelberg,92329
Christine Warren,824,79900 Elliott Oval,Johnfurt,91577
Megan Barker,825,35541 Myers Lights Suite 583,Jessicatown,29254
Amy Bell,826,763 Henry Way Apt. 063,South Scottmouth,38959
Zachary Bell,827,276 Larsen Mission Suite 502,Lake Rachel,57366
Kevin Bridges,828,006 Thomas Rue,New Taylorburgh,99075
Pam Bowen,829,63456 Jackson Club Suite 628,East Jennifer,29468
Holly Collins,830,829 Williams Throughway,Johnfurt,30800
Robin Hernandez,831,82623 Quinn Plaza Apt. 006,East Jennatown,97447
Phillip Gutierrez,832,69386 David Turnpike,West Erica,18611
Bonnie White,833,90499 Carpenter Ramp,Shelbyport,87029
Patrick Lopez,834,97575 Willis Roads Apt. 571,Josephberg,97195
Lisa Smith,835,014 Carrillo Burg,Lake Renee,59053
Justin Silva,836,34887 Eaton Plain,New Wayne,19953
James Martin,837,410 Hernandez Walks Apt. 366,Donaldmouth,90228
Robert Jones,838,8953 Scott Plaza Apt. 018,Michaelport,16458
Eric Morgan,839,65345 Kyle Summit,Albertbury,21573
Melissa Miller,840,7820 Amanda Gateway Apt. 117,Lake Brittanymouth,77216
Matthew Jones,841,06127 Lisa Street Suite 490,New Christinashire,98727
Lisa Avila,842,48304 Laura Path Apt. 452,Christopherburgh,34644
Jesse Adams,843,5937 Mason Lock Apt. 396,Markton,35790
Crystal Lynch,844,13211 Bailey Valleys,Rebekahstad,76855
Alexis Wilson,845,295 Green Mountains,Ayalabury,99361
Julie Collier,846,2113 Margaret Ports,Port Ethanfurt,44637
Jay Davis,847,06966 Danielle Glens Suite 515,Deborahbury,85293
Jordan Hampton,848,774 Bennett Estates,Elliottmouth,95588
David Jones,849,52629 Carlson Run Apt. 053,Hornborough,51176
Andrea Joseph,850,37261 Marissa Light,North Laura,89582
Casey Ford,851,714 Catherine Lane,Morganland,96614
Jamie Perry,852,55375 Trevor Rest Apt. 728,Mcdonaldberg,99565
Chad Carter,853,625 Small Run,West Adam,67627
Alison Madden,854,958 Hampton Overpass,Larsonchester,30145
Joshua Schneider,855,6328 Tiffany Road,Port John,03407
Denise Moore,856,113 Douglas Stream Suite 835,Jamesland,32137
Christopher Williams,857,86809 Smith Station Apt. 674,Hernandezport,07854
James Nguyen,858,53219 Christopher Stream,Jamesstad,53485
Lisa Arroyo,859,04040 Williams Island Apt. 717,West Chelseafurt,32229
Christine Jenkins,860,70212 Caitlin Street,Geraldton,97552
Vickie Lewis,861,60167 Jennifer Burg Apt. 904,Donaldshire,61119
Lori Gill,862,2088 Aaron Glens,South Evanmouth,28052
Emily Martin,863,096 Yang Glen Apt. 518,West Malloryville,47369
Dylan Reyes,864,58739 Beth Way Suite 819,Lake Marthaberg,80127
Eric Burke,865,774 Harris Canyon Apt. 299,Port Tarafurt,96794
Ryan Rodgers,866,0624 Sheila Mount,Acostaland,65252
Gwendolyn Johnson,867,570 Kristina Cove,Markshire,37654
John Jimenez,868,116 Andrew Corners Apt. 347,West Scott,66858
Stephanie Blair,869,88560 Jacqueline Brook Apt. 073,Masonhaven,75144
Kyle Hall,870,829 Brennan Mills Suite 807,Lake Ricky,54738
Casey Jenkins,871,282 Thomas Grove Suite 344,North Shannontown,00900
Amanda Martinez,872,24905 Martin Brooks Apt. 619,North Tammymouth,49223
Jennifer Reed,873,4946 Elizabeth Harbor Suite 462,New Jessica,19815
Christopher Martinez,874,29587 William Roads,Olivershire,82933
Bonnie Delgado,875,46156 Tiffany Knolls Suite 782,West Victoria,39111
Monica Martinez,876,1091 David Trail Suite 818,East Morganshire,08555
Stacey Taylor,877,784 Darryl Drives Suite 338,North Briannafurt,12641
William Gonzalez,878,0894 Tyler Passage Suite 094,Port Elizabethmouth,80163
George Duncan,879,794 Scott Ridge Apt. 520,Calderonborough,50135
Joshua Moreno,880,4742 Kristen Grove,North Juliehaven,52069
Mark Owens,881,412 Darrell Dale Suite 742,Angelaville,38618
Timothy Davis,882,572 Jeremy Burg,Michaeltown,32241
Leslie Dennis,883,0500 Cain Tunnel Suite 025,Frenchchester,49501
Paul Porter,884,9646 Henry Lakes Apt. 570,West Dawn,31384
Aaron Franklin,885,14168 Smith Estates Suite 108,North Aaronborough,94363
Anna Norris,886,3298 Mitchell Prairie Apt. 064,Lake Jennamouth,03956
Brian English,887,8377 Karen Fords,Lindafurt,17630
Kyle Armstrong,888,261 Christopher Village,South Margaret,14603
Nicole Greene,889,10009 Kramer Well Suite 390,South Karen,29386
Mark Wu,890,302 Kelli Pass,Coryview,57838
Julie Peters,891,447 Kimberly Coves,Lake Aarontown,88610
Jessica Simpson,892,08554 Smith Junctions Apt. 920,Carmenhaven,40457
Shelley Hogan,893,1928 Thomas Groves,Anthonyburgh,44869
Ronald Martin,894,97139 Knight Plain Suite 326,South David,72611
Gregory Mcmillan,895,908 Peterson Green,Williamsmouth,30286
Michele Caldwell,896,55881 Meadows Route Suite 517,North Sharistad,72803
Hunter Rodriguez,897,13847 John Trail Apt. 683,Taylorshire,44935
Elizabeth Garcia,898,89620 Jordan Branch Apt. 543,Dennisview,75783
Danny Tucker,899,2248 Mackenzie Walk,Port Aaronville,86263
Brian Murray,900,859 Cody Islands,South Michael,48047
Claire May,901,5174 Larson Walks Apt. 779,Mitchellville,04881
Michael Payne,902,6812 Roberts Loop Suite 339,North Monicaland,89889
Andrew Walker,903,086 Smith Mountains,Grantchester,65014
Joshua Mack,904,9813 Moore Forks,Destinyshire,06867
Paul Garner,905,680 Sarah Drives Suite 079,East Markfurt,39976
Deborah Jackson,906,12320 Brandon Corner Suite 115,Jacksonside,92472
Andrew Wu,907,65104 Lamb Common,West Zachary,77425
Rebecca Turner,908,423 Danny Lodge,Rodgersbury,18775
Mark Parker MD,909,526 Rodney Mountain Suite 161,North Bridgetview,92744
Cindy Matthews,910,8471 Goodwin Drives Suite 761,Kingborough,51622
Miss Stacy Pace,911,6110 Smith Curve Apt. 024,Medinaview,54427
Jacqueline Peters,912,746 Stanley Divide,South Erica,44604
Mary Williams,913,3324 May Via Suite 970,East Joelmouth,63380
Christopher Cruz,914,249 Clark Park Suite 154,Larrychester,67953
David Hendrix,915,21866 York Course,Lopezbury,93717
Shirley Mcdaniel,916,114 Hernandez Cliff,Stoutport,52998
Aaron Dudley,917,555 Terri Green Suite 795,West Erica,30590
Catherine Petersen,918,66898 Michael Court,West Gregorymouth,70938
Larry Ward,919,2130 Dawn Glens Suite 300,East Emily,77383
Joshua Sparks,920,22419 Best View Apt. 929,Lorimouth,55782
Anita James,921,11138 Williams Roads,Kristinshire,99885
Scott Acosta,922,3682 Santos Manors Apt. 046,West Corey,52709
Kathleen Payne,923,55274 Justin Trail Suite 492,West Tonya,24254
Mr. Brett Moore,924,8002 Alexander Parkway,New Sean,66915
Beth Cooper,925,56021 Bradley View Suite 612,Tinamouth,91612
Jill Martin,926,715 Dylan Viaduct,Bakerburgh,64939
Brian Scott,927,2349 Jennifer Harbors,West Gail,56861
Michelle Vega,928,278 Bonnie Mountain,West Carrieburgh,73919
Zachary Mcgee,929,9374 Harris Fort,New Samanthaburgh,00765
Alyssa Greer,930,69730 Ferguson Orchard Suite 739,East Ryan,07969
Emily Matthews,931,83523 Smith Stream,Heatherstad,23869
Jordan Matthews,932,186 Gonzalez Ford,Port Leah,68926
Thomas Stevenson,933,080 Donna Road,East Kristinahaven,62693
Rachel Carter,934,94436 Rivers Underpass,Lake James,68553
Christopher Perez,935,65280 Rosales Brook,South Jenniferberg,03543
Richard Rhodes,936,782 Anita Bridge,North Walterfurt,59929
Carolyn Payne,937,49569 Harold Knolls Suite 818,Courtneyville,25809
Maureen Davis,938,999 Lee Way,Clinefurt,85325
Laurie Singh,939,944 Reynolds Landing Suite 753,Robertsfort,32217
Erica Mills,940,3467 Rice Extensions Suite 728,East Wendyborough,55139
Thomas Downs,941,3449 Patterson Run,East Carlbury,00689
James Medina,942,9303 Powers Corner,West Annaland,99445
Thomas Everett,943,2400 Adrienne Roads,Richardville,09721
Robert Le,944,213 Hutchinson Meadow Apt. 964,Michaelstad,73715
Christy Hunter,945,29944 Jasmine Cliffs,Robertsview,20860
Sandra Allen,946,946 Whitney Park,Paulland,58663
Wayne Hays,947,8679 Rebecca Land Suite 590,South Ronald,22239
Kathryn Brock,948,83763 Charlotte Turnpike Apt. 908,Willismouth,27675
Jill Spencer,949,46567 Bauer Ridge Suite 989,Thompsonshire,45866
Jennifer Herrera,950,195 Jimmy Light,South Stephaniehaven,26871
Suzanne Ray,951,5881 Tyler Villages,North Jonathan,86206
Julian Garcia,952,19983 Alison Avenue Apt. 322,South Christine,15553
Eric James,953,07860 Graham Extension,Port Loritown,12237
Laura King,954,17664 Anderson Wall,Lake Shannon,12141
Kelly Smith,955,077 Scott Springs,New Katherinebury,44434
Melissa Anderson,956,1513 Lawrence Shores Suite 829,Bennettborough,41327
Christopher Simpson,957,8576 Victoria Key,Marktown,22554
Brittany Long,958,9549 Ho Burgs,New Carrieshire,50556
Aaron Osborn,959,757 Turner Harbor Apt. 008,Nguyenfurt,72164
Mrs. Toni Lee,960,1059 Raymond Prairie,Lake Johnbury,23158
Bonnie Robertson,961,88510 Jessica Overpass,Lake Tabitha,56463
Jeffrey Williams,962,143 Stephenson Neck,Romeroshire,23851
Lisa Brown,963,121 Powell Vista Suite 585,New Amanda,90793
Teresa George,964,27663 Strong Hollow,Lake Vincent,25000
Sonya Maxwell,965,66722 Simon Canyon Apt. 124,Robertsshire,93913
Amy Nelson,966,18027 Watson Turnpike Apt. 694,Lisatown,32209
Scott Bowen,967,82940 Santana Terrace,Powellmouth,98806
Brittney Thompson,968,11014 Ellison Flats,Hoodville,20291
Jeffrey Salazar,969,41627 Marshall Shore Apt. 089,Jamesberg,71162
Elizabeth Hendricks,970,921 Francis Circle,East Tina,17178
Brian Chang,971,366 Rodgers Bypass,South Thomasview,27007
Mr. Cody Bates,972,30681 Mercer Ferry Apt. 323,Charleschester,65008
Samuel Parker,973,201 Soto Road,Halemouth,63969
Raymond Sawyer,974,366 Stevens Meadows Suite 823,Pricestad,92400
Regina Bridges,975,0754 Hawkins Ports Apt. 366,New Nicoletown,25552
Melanie Mann,976,901 Alexandria Mews Suite 564,Lake Joshua,98874
Sandra Long,977,898 Gonzales Pine,East Williamview,59397
Ronald Norton,978,68448 Evans Circles Suite 644,New Mistymouth,90808
Nichole Odom,979,67720 Cathy Junctions Suite 359,Oconnorview,62319
Melissa Coffey,980,0883 Kathryn Path,East Jerome,76960
Samuel Henderson,981,10409 Sampson Knoll Apt. 662,New Jameshaven,71762
Samantha Gomez,982,99155 Shepard Ramp Apt. 405,Holmeschester,57153
Raymond Ford,983,593 Nash Corner Suite 203,North Frank,70021
James Robbins,984,376 Williams Trace Suite 539,Matthewchester,28927
Dustin Smith,985,57712 Emily Estate,Port Jason,74574
Teresa Wiley,986,8495 Murillo Islands Suite 803,Stewartborough,30721
Bonnie Branch,987,199 Alexandra Burgs Suite 908,South Michaelbury,70458
Erin Kaufman,988,6776 Acosta Squares,Robertsonfurt,05336
Jennifer Zimmerman,989,7601 Soto Drives Suite 531,West Savannah,11287
Cynthia Hall,990,843 Woods Shoal Suite 575,Andrewtown,05231
Elizabeth Mason,991,5867 Lee Station,New Kaylahaven,38174
Peter Rhodes,992,796 Lindsey Cove Suite 087,New Suzannestad,26161
Christopher Lucas,993,366 Charles Harbor Apt. 460,West Rebeccastad,53822
Amy Peters,994,054 Scott Stravenue Apt. 375,South Brian,21282
Steven Cruz,995,814 Katherine Skyway Suite 797,Patriciabury,92867
Natalie Bailey,996,294 Alec Flat,West Daniel,64518
Teresa Sanchez,997,3339 Thomas Pine Suite 146,West Danielchester,85548
Alexander House,998,055 Jerry Locks,West Suzanne,04007
Joshua Walker,999,971 Figueroa Prairie Suite 675,East Brandon,60110
Daniel Swanson,1000,532 Powell Lodge,Stevenborough,11935
Colleen Miller,1001,1572 Molina Freeway Suite 016,Ashleyton,89230
